"","aaces.eset_ClusterK2_SAMD_1","aaces.eset_ClusterK2_SAMD_2","aaces.eset_ClusterK3_SAMD_1","aaces.eset_ClusterK3_SAMD_2","aaces.eset_ClusterK3_SAMD_3","aaces.eset_ClusterK4_SAMD_1","aaces.eset_ClusterK4_SAMD_2","aaces.eset_ClusterK4_SAMD_3","aaces.eset_ClusterK4_SAMD_4"
"aaces.eset_ClusterK2_SAMD_1",1,-1,-0.913135840025896,-0.620619752468745,0.996933507876321,-0.791380086193255,-0.620619752468745,-0.5999944798367,0.98445424027858
"aaces.eset_ClusterK2_SAMD_2",-1,1,0.913135840025896,0.620619752468745,-0.996933507876321,0.791380086193255,0.620619752468745,0.5999944798367,-0.98445424027858
"aaces.eset_ClusterK3_SAMD_1",-0.913135840025896,0.913135840025896,1,0.271514121396394,-0.897899099697175,0.889670403308405,0.271514121396394,0.640451737285142,-0.892320153947965
"aaces.eset_ClusterK3_SAMD_2",-0.620619752468745,0.620619752468745,0.271514121396394,1,-0.654139533574418,0.177934366676506,1,0.257331907283525,-0.641505239225499
"aaces.eset_ClusterK3_SAMD_3",0.996933507876321,-0.996933507876321,-0.897899099697175,-0.654139533574418,1,-0.772719295026381,-0.654139533574418,-0.598545641530966,0.98758288225027
"aaces.eset_ClusterK4_SAMD_1",-0.791380086193255,0.791380086193255,0.889670403308405,0.177934366676506,-0.772719295026381,1,0.177934366676506,0.283573581062425,-0.737599639623706
"aaces.eset_ClusterK4_SAMD_2",-0.620619752468745,0.620619752468745,0.271514121396394,1,-0.654139533574418,0.177934366676506,1,0.257331907283525,-0.641505239225499
"aaces.eset_ClusterK4_SAMD_3",-0.5999944798367,0.5999944798367,0.640451737285142,0.257331907283525,-0.598545641530966,0.283573581062425,0.257331907283525,1,-0.683030642467439
"aaces.eset_ClusterK4_SAMD_4",0.98445424027858,-0.98445424027858,-0.892320153947965,-0.641505239225499,0.98758288225027,-0.737599639623706,-0.641505239225499,-0.683030642467439,1
