"","aaces.eset_ClusterK2_SAMD_1","aaces.eset_ClusterK2_SAMD_2","aaces.eset_ClusterK3_SAMD_1","aaces.eset_ClusterK3_SAMD_2","aaces.eset_ClusterK3_SAMD_3","aaces.eset_ClusterK4_SAMD_1","aaces.eset_ClusterK4_SAMD_2","aaces.eset_ClusterK4_SAMD_3","aaces.eset_ClusterK4_SAMD_4"
"aaces.eset_ClusterK2_SAMD_1",1,-1,-0.898950515386076,-0.545307662553187,0.996183779113259,-0.771585977033889,-0.545307662553187,-0.555576218134841,0.980659441109613
"aaces.eset_ClusterK2_SAMD_2",-1,1,0.898950515386076,0.545307662553187,-0.996183779113259,0.771585977033889,0.545307662553187,0.555576218134841,-0.980659441109613
"aaces.eset_ClusterK3_SAMD_1",-0.898950515386076,0.898950515386076,1,0.154072099665538,-0.880395399307739,0.883211252743821,0.154072099665538,0.604225618505736,-0.872390352898076
"aaces.eset_ClusterK3_SAMD_2",-0.545307662553187,0.545307662553187,0.154072099665538,1,-0.587119282103317,0.0728318780538548,1,0.176199443100896,-0.577474149981886
"aaces.eset_ClusterK3_SAMD_3",0.996183779113259,-0.996183779113259,-0.880395399307739,-0.587119282103317,1,-0.749972821887506,-0.587119282103317,-0.554669086658605,0.985000123390558
"aaces.eset_ClusterK4_SAMD_1",-0.771585977033889,0.771585977033889,0.883211252743821,0.0728318780538548,-0.749972821887506,1,0.0728318780538548,0.218346185967347,-0.705568608459796
"aaces.eset_ClusterK4_SAMD_2",-0.545307662553187,0.545307662553187,0.154072099665538,1,-0.587119282103317,0.0728318780538548,1,0.176199443100896,-0.577474149981886
"aaces.eset_ClusterK4_SAMD_3",-0.555576218134841,0.555576218134841,0.604225618505736,0.176199443100896,-0.554669086658605,0.218346185967347,0.176199443100896,1,-0.655419717295088
"aaces.eset_ClusterK4_SAMD_4",0.980659441109613,-0.980659441109613,-0.872390352898076,-0.577474149981886,0.985000123390558,-0.705568608459796,-0.577474149981886,-0.655419717295088,1
